{"_wandb":{"runtime":3},"_timestamp":1.733417041754436e+09,"_runtime":3.466378081,"_step":0,"val_F1":0.23202153801676786}