{"_runtime":8.332666414,"_wandb":{"runtime":8},"_step":0,"val_F1":0.30978755533490543,"_timestamp":1.7334172612773972e+09}