{"_timestamp":1.7334168682269237e+09,"_runtime":1.580624195,"_step":0,"_wandb":{"runtime":1},"val_F1":0.23202153801676786}