{"_wandb":{"runtime":1},"val_F1":0.23202153801676786,"_timestamp":1.7334169469419677e+09,"_runtime":1.9159701839999999,"_step":0}