{"_runtime":4.473572676,"_step":0,"_wandb":{"runtime":4},"val_F1":0.31082701354681114,"_timestamp":1.733417454159078e+09}