{"_step":0,"val_F1":0.2615675356055063,"_timestamp":1.7334171400848594e+09,"_wandb":{"runtime":2},"_runtime":2.599848202}