{"_step":0,"_wandb":{"runtime":2},"val_F1":0.25303564792940697,"_timestamp":1.7334172030504918e+09,"_runtime":2.673950315}