{"_timestamp":1.7334170566370497e+09,"_runtime":2.770382544,"_wandb":{"runtime":2},"_step":0,"val_F1":0.2572531385471138}