{"val_F1":0.31773840048056406,"_timestamp":1.7334173737647016e+09,"_wandb":{"runtime":2},"_runtime":2.431189325,"_step":0}