{"val_F1":0.23202153801676786,"_timestamp":1.7334170005649502e+09,"_runtime":3.599626281,"_step":0,"_wandb":{"runtime":3}}