{"_timestamp":1.7334170637411861e+09,"_runtime":4.659368741,"_step":0,"_wandb":{"runtime":4},"val_F1":0.2618193485927759}