{"_runtime":1.725502751,"_step":0,"_wandb":{"runtime":1},"val_F1":0.23686922651190967,"_timestamp":1.733417091921008e+09}