{"_step":0,"val_F1":0.2701273854296356,"_timestamp":1.7334171546276224e+09,"_runtime":1.584773294,"_wandb":{"runtime":1}}