{"_timestamp":1.7334169617926328e+09,"_runtime":1.212491906,"_step":0,"_wandb":{"runtime":1},"val_F1":0.23202153801676786}