{"val_F1":0.3130876309447269,"_timestamp":1.733417311725967e+09,"_runtime":2.483467019,"_step":0,"_wandb":{"runtime":2}}