{"_wandb":{"runtime":4},"_timestamp":1.733417126635648e+09,"_runtime":4.730002885,"_step":0,"val_F1":0.26594794939578886}