{"val_F1":0.31414263541296994,"_timestamp":1.7334173498925111e+09,"_runtime":4.370583944,"_step":0,"_wandb":{"runtime":4}}