{"val_F1":0.25303564792940697,"_timestamp":1.7334170846192248e+09,"_runtime":4.702106945,"_step":0,"_wandb":{"runtime":4}}