{"_runtime":2.427598546,"_step":0,"_wandb":{"runtime":2},"val_F1":0.31353706516890456,"_timestamp":1.7334174829391055e+09}