{"val_F1":0.25735994820273506,"_timestamp":1.7334171682653823e+09,"_runtime":4.674803149,"_step":0,"_wandb":{"runtime":4}}