{"_step":0,"_wandb":{"runtime":4},"val_F1":0.25294713977561667,"_timestamp":1.7334171890984876e+09,"_runtime":4.631165913}