{"_wandb":{"runtime":2},"val_F1":0.26594794939578886,"_timestamp":1.7334171609098983e+09,"_runtime":2.565951236,"_step":0}