{"_runtime":2.604096517,"_step":0,"val_F1":0.2615675356055063,"_wandb":{"runtime":2},"_timestamp":1.7334171818351371e+09}