{"_wandb":{"runtime":2},"val_F1":0.31326473771902164,"_timestamp":1.7334174098329997e+09,"_runtime":2.467452733,"_step":0}