{"_timestamp":1.7334174901563182e+09,"_runtime":4.316554098,"_step":0,"val_F1":0.3180252706970925,"_wandb":{"runtime":4}}