{"_wandb":{"runtime":4},"_timestamp":1.7334174174112954e+09,"_runtime":4.380687468,"_step":0,"val_F1":0.31513844203958274}