{"_runtime":4.683339921,"_step":0,"_wandb":{"runtime":4},"val_F1":0.2462898666318574,"_timestamp":1.733417210377401e+09}