{"_timestamp":1.733417113166399e+09,"_runtime":1.698258213,"_step":0,"_wandb":{"runtime":1},"val_F1":0.2439201983854119}