{"_timestamp":1.7334172242055254e+09,"_runtime":2.60664453,"_step":0,"_wandb":{"runtime":2},"val_F1":0.2506323249608019}