{"_wandb":{"runtime":2},"val_F1":0.2618193485927759,"_timestamp":1.733417119168295e+09,"_runtime":2.539693878,"_step":0}