{"_wandb":{"runtime":3},"_timestamp":1.7334168803689532e+09,"_runtime":3.308999316,"_step":0,"val_F1":0.23202153801676786}