{"_step":0,"_wandb":{"runtime":3},"val_F1":0.23202153801676786,"_timestamp":1.7334169010679216e+09,"_runtime":3.250853991}