{"_timestamp":1.7334170772588809e+09,"_wandb":{"runtime":2},"_runtime":2.56689186,"_step":0,"val_F1":0.2574678202398446}