{"_runtime":3.287658748,"_step":0,"val_F1":0.23202153801676786,"_wandb":{"runtime":3},"_timestamp":1.7334170208846939e+09}