{"_timestamp":1.733417008405406e+09,"_runtime":1.228933644,"_step":0,"_wandb":{"runtime":1},"val_F1":0.23202153801676786}