{"_wandb":{"runtime":3},"val_F1":0.23202153801676786,"_timestamp":1.7334168596419623e+09,"_runtime":3.279069664,"_step":0}