{"_step":0,"val_F1":0.23202153801676786,"_wandb":{"runtime":1},"_timestamp":1.7334170291958992e+09,"_runtime":1.318228044}