{"val_F1":0.2596535261843864,"_wandb":{"runtime":1},"_timestamp":1.7334171337582004e+09,"_runtime":1.568117538,"_step":0}