{"_wandb":{"runtime":1},"_step":0,"val_F1":0.25735994820273506,"_timestamp":1.7334171755573623e+09,"_runtime":1.638562879}