{"val_F1":0.3125086981561606,"_timestamp":1.7334172830350058e+09,"_runtime":4.339152021,"_step":0,"_wandb":{"runtime":4}}