{"_wandb":{"runtime":8},"_runtime":8.25185727,"_step":0,"val_F1":0.3142030905596458,"_timestamp":1.7334173954237218e+09}