{"_step":0,"_wandb":{"runtime":4},"val_F1":0.2531250622900929,"_timestamp":1.7334171474411237e+09,"_runtime":4.669891251}