{"_step":0,"val_F1":0.23202153801676786,"_timestamp":1.7334169408751051e+09,"_wandb":{"runtime":1},"_runtime":1.233488452}