{"_wandb":{"runtime":2},"val_F1":0.3118803107896915,"_timestamp":1.7334175190841496e+09,"_runtime":2.412657474,"_step":0}