{"_timestamp":1.733417431572143e+09,"_runtime":8.178200333,"_step":0,"_wandb":{"runtime":8},"val_F1":0.3124918681664314}