{"_runtime":4.371998885,"_step":0,"val_F1":0.3161047421528893,"_timestamp":1.733417319019004e+09,"_wandb":{"runtime":4}}