{"_runtime":2.472859283,"_wandb":{"runtime":2},"_step":0,"val_F1":0.31195643635917764,"_timestamp":1.7334173427220442e+09}