{"_wandb":{"runtime":1},"_runtime":1.583666893,"_step":0,"val_F1":0.25303564792940697,"_timestamp":1.7334170501655664e+09}