{"_wandb":{"runtime":8},"val_F1":0.31481223632912436,"_timestamp":1.7334173642664454e+09,"_runtime":8.334488802,"_step":0}