{"_runtime":8.354321917,"_step":0,"_wandb":{"runtime":8},"val_F1":0.3121705919975656,"_timestamp":1.7334175409055161e+09}