{"_timestamp":1.733417446051026e+09,"_runtime":2.501089329,"_step":0,"_wandb":{"runtime":2},"val_F1":0.30889036906608586}