{"_runtime":8.163298771000001,"_step":0,"_wandb":{"runtime":8},"val_F1":0.3108451157154509,"_timestamp":1.7334175045635366e+09}