{"val_F1":0.25735994820273506,"_timestamp":1.7334171062486532e+09,"_runtime":5.163720456,"_step":0,"_wandb":{"runtime":5}}