{"_wandb":{"runtime":1},"val_F1":0.23202153801676786,"_timestamp":1.7334170143288167e+09,"_runtime":1.898183038,"_step":0}