{"val_F1":0.25071006653405814,"_timestamp":1.733417232039412e+09,"_wandb":{"runtime":4},"_runtime":4.916217158,"_step":0}