{"_step":0,"val_F1":0.23202153801676786,"_timestamp":1.7334168944319315e+09,"_wandb":{"runtime":1},"_runtime":1.860306294}