{"_step":0,"val_F1":0.3105399477912944,"_timestamp":1.7334172757744532e+09,"_runtime":2.472625487,"_wandb":{"runtime":2}}