{"_step":0,"_wandb":{"runtime":4},"val_F1":0.3154690108600917,"_timestamp":1.7334173814518445e+09,"_runtime":4.514091362}