{"_timestamp":1.7334172471050172e+09,"_runtime":4.547122826,"_step":0,"_wandb":{"runtime":4},"val_F1":0.3135737311639328}