{"_step":0,"_wandb":{"runtime":4},"val_F1":0.3126829526345139,"_timestamp":1.7334175267131467e+09,"_runtime":4.531613955}