{"_timestamp":1.7334169143197062e+09,"_runtime":1.191423516,"_step":0,"_wandb":{"runtime":1},"val_F1":0.23202153801676786}