{"_runtime":1.542460947,"_step":0,"_wandb":{"runtime":1},"val_F1":0.26789524257249275,"_timestamp":1.7334172178132334e+09}