{"_step":0,"_wandb":{"runtime":8},"val_F1":0.31413422011343495,"_timestamp":1.7334172972544005e+09,"_runtime":8.302085847}