{"_timestamp":1.7334169276280034e+09,"_runtime":3.33291249,"_step":0,"_wandb":{"runtime":3},"val_F1":0.23202153801676786}