{"_timestamp":1.7334170710103207e+09,"_runtime":1.5855360699999999,"_step":0,"val_F1":0.25735994820273506,"_wandb":{"runtime":1}}