{"_runtime":3.298122691,"_step":0,"_wandb":{"runtime":3},"val_F1":0.23202153801676786,"_timestamp":1.7334169536400516e+09}