{"_runtime":1.352157431,"_step":0,"_wandb":{"runtime":1},"val_F1":0.23202153801676786,"_timestamp":1.7334169875760546e+09}