{"_wandb":{"runtime":2},"val_F1":0.23202153801676786,"_timestamp":1.733417035270979e+09,"_runtime":2.16684082,"_step":0}