{"_timestamp":1.7334174684393506e+09,"_runtime":8.221980112,"_step":0,"_wandb":{"runtime":8},"val_F1":0.3121609031621636}