{"val_F1":0.2721893533921597,"_timestamp":1.7334171967269518e+09,"_runtime":1.554923424,"_step":0,"_wandb":{"runtime":1}}