{"_runtime":2.854855304,"_step":0,"_wandb":{"runtime":2},"val_F1":0.2615675356055063,"_timestamp":1.7334170986943886e+09}