{"_wandb":{"runtime":2},"_step":0,"val_F1":0.23202153801676786,"_timestamp":1.7334168738709316e+09,"_runtime":2.020806793}