{"_wandb":{"runtime":1},"val_F1":0.23202153801676786,"_timestamp":1.733416888565644e+09,"_runtime":1.202111004,"_step":0}