{"_step":0,"val_F1":0.23202153801676786,"_wandb":{"runtime":2},"_timestamp":1.7334168532526815e+09,"_runtime":2.13033148}