{"_step":0,"_wandb":{"runtime":8},"val_F1":0.3167276330208426,"_timestamp":1.7334173334629722e+09,"_runtime":8.527496874}