{"val_F1":0.3139003692647698,"_timestamp":1.7334172399750037e+09,"_runtime":2.605097689,"_step":0,"_wandb":{"runtime":2}}