{"val_F1":0.23202153801676786,"_timestamp":1.7334169209566514e+09,"_runtime":1.8897357989999999,"_step":0,"_wandb":{"runtime":1}}