{"_timestamp":1.73341696776393e+09,"_runtime":1.935891685,"_step":0,"_wandb":{"runtime":1},"val_F1":0.23202153801676786}